Player,Full name,Wyscout id,Team,Team within selected timeframe,Team logo,Competition,Position,Primary position,"Primary position, %",Secondary position,"Secondary position, %",Third position,"Third position, %",Age,Birthday,Market value,Contract expires,Matches played,Minutes played,Goals,xG,Assists,xA,Duels per 90,"Duels won, %",Birth country,Passport country,Foot,Height,Weight,On loan,Successful defensive actions per 90,Defensive duels per 90,"Defensive duels won, %",Aerial duels per 90,"Aerial duels won, %",Sliding tackles per 90,PAdj Sliding tackles,Shots blocked per 90,Interceptions per 90,PAdj Interceptions,Fouls per 90,Yellow cards,Yellow cards per 90,Red cards,Red cards per 90,Successful attacking actions per 90,Goals per 90,Non-penalty goals,Non-penalty goals per 90,xG per 90,Head goals,Head goals per 90,Shots,Shots per 90,"Shots on target, %","Goal conversion, %",Assists per 90,Crosses per 90,"Accurate crosses, %",Crosses from left flank per 90,"Accurate crosses from left flank, %",Crosses from right flank per 90,"Accurate crosses from right flank, %",Crosses to goalie box per 90,Dribbles per 90,"Successful dribbles, %",Offensive duels per 90,"Offensive duels won, %",Touches in box per 90,Progressive runs per 90,Accelerations per 90,Received passes per 90,Received long passes per 90,Fouls suffered per 90,Passes per 90,"Accurate passes, %",Forward passes per 90,"Accurate forward passes, %",Back passes per 90,"Accurate back passes, %",Short / medium passes per 90,"Accurate short / medium passes, %",Long passes per 90,"Accurate long passes, %","Average pass length, m","Average long pass length, m",xA per 90,Shot assists per 90,Second assists per 90,Third assists per 90,Smart passes per 90,"Accurate smart passes, %",Key passes per 90,Passes to final third per 90,"Accurate passes to final third, %",Passes to penalty area per 90,"Accurate passes to penalty area, %",Through passes per 90,"Accurate through passes, %",Deep completions per 90,Deep completed crosses per 90,Progressive passes per 90,"Accurate progressive passes, %","Accurate vertical passes, %",Vertical passes per 90,Conceded goals,Conceded goals per 90,Shots against,Shots against per 90,Clean sheets,"Save rate, %",xG against,xG against per 90,Prevented goals,Prevented goals per 90,Back passes received as GK per 90,Exits per 90,Aerial duels per 90,Free kicks per 90,Direct free kicks per 90,"Direct free kicks on target, %",Corners per 90,Penalties taken,"Penalty conversion, %"
G. Dyson,Garrett  Dyson,-496507,MIT Engineers,MIT Engineers,https://cdn5.wyscout.com/photos/team/public/g-19618_120x120.png,NCAA D3 Non-conference matches,RCB,RCB,100,,0,,0,,,0,,2,201,0,0.0,0,0.05,11.64,61.54,United States,['United States'],unknown,180,83,False,10.3,4.03,66.67,4.03,66.67,0.45,0.58,0.0,7.16,9.23,0.45,0,0.0,0,0.0,0.45,0.0,0,0.0,0.0,0,0.0,0,0.0,0.0,0.0,0.0,0.0,0.0,0.0,0.0,0.0,0.0,0.0,1.34,33.33,2.24,60.0,0.0,0.9,0.0,21.49,2.24,0.9,44.78,83.0,25.97,77.59,2.24,100.0,33.58,88.0,11.19,68.0,23.92,37.42,0.02,0.45,0.0,0.45,0.0,0.0,0.45,7.16,75.0,0.0,0.0,0.0,0.0,0.45,0.0,16.12,69.44,90.32,13.88,0,,0,,0,0.0,0.0,0.0,,,1.79,,4.03,0.45,0.0,0.0,0.0,0,0
E. Reich,Ethan  Reich,-496659,MIT Engineers,MIT Engineers,https://cdn5.wyscout.com/photos/team/public/g-19618_120x120.png,NCAA D3 Non-conference matches,"RB, LDMF, LB",RB,46,LDMF,24,LB,16,,,0,,2,194,0,0.0,0,0.0,19.95,51.16,United States,['United States'],unknown,177,72,False,13.45,8.35,72.22,3.25,42.86,0.46,0.58,0.0,6.96,8.65,0.46,1,0.46,0,0.0,2.32,0.0,0,0.0,0.0,0,0.0,1,0.46,0.0,0.0,0.0,2.32,60.0,1.3900000000000001,66.67,0.93,50.0,0.0,2.32,40.0,5.57,25.0,0.0,0.0,0.0,29.23,0.46,0.0,47.78,82.52,21.34,78.26,3.71,75.0,41.75,85.56,4.18,66.67,17.75,35.2,0.0,0.0,0.46,0.0,0.0,0.0,0.0,7.42,75.0,1.3900000000000001,66.67,0.0,0.0,0.0,0.93,11.6,84.0,86.67,13.92,0,,0,,0,0.0,0.0,0.0,,,0.46,,3.25,0.93,0.46,0.0,0.0,0,0
P. Novoa,Peter  Novoa,-496529,,MIT Engineers,,,"RDMF, LDMF",RDMF,79,LDMF,20,,0,,,0,,2,180,0,0.04,0,0.05,42.0,50.0,United States,['United States'],unknown,182,77,False,15.5,15.0,66.67,8.0,56.25,0.5,0.58,0.0,5.0,5.77,2.5,0,0.0,0,0.0,2.0,0.0,0,0.0,0.02,0,0.0,1,0.5,100.0,0.0,0.0,0.5,0.0,0.5,0.0,0.0,0.0,0.0,4.5,33.33,12.5,28.0,1.0,0.0,0.0,33.5,0.0,3.0,54.5,82.57,23.0,73.91,3.5,100.0,49.5,84.85,4.5,66.67,16.07,31.08,0.02,1.0,0.5,0.0,0.0,0.0,0.0,11.0,81.82,0.5,100.0,0.0,0.0,0.5,0.0,10.5,66.67,87.5,20.0,0,,0,,0,0.0,0.0,0.0,,,0.0,,8.0,0.5,0.0,0.0,0.0,0,0
G. Robinson,Garrett  Robinson,-496689,,MIT Engineers,,,"LAMF, RAMF, CF",LAMF,70,RAMF,19,CF,10,,,0,,2,169,1,0.32,1,0.17,35.15,34.85,United States,['United States'],unknown,167,57,False,14.91,13.85,57.69,6.39,33.33,0.0,0.0,0.0,6.92,7.5,1.07,0,0.0,0,0.0,1.07,0.53,1,0.53,0.17,0,0.0,5,2.66,40.0,20.0,0.53,0.0,0.0,0.0,0.0,0.0,0.0,0.0,1.6,0.0,11.72,9.09,3.73,1.07,0.53,26.63,3.2,0.53,35.68,71.64,11.72,50.0,6.92,92.31,32.49,77.05,3.2,16.67,13.75,35.71,0.09,1.07,0.0,0.0,0.0,0.0,1.07,4.26,62.5,1.07,0.0,1.07,0.0,1.07,0.0,3.2,50.0,73.33,7.99,0,,0,,0,0.0,0.0,0.0,,,0.0,,6.39,1.07,0.0,0.0,2.13,0,0
N. Guntvedt,Nathan  Guntvedt,-496632,,MIT Engineers,,,LB,LB,100,,0,,0,,,0,,2,150,0,0.0,0,0.09,20.4,61.76,United States,['United States'],unknown,180,72,False,13.2,11.4,68.42,3.0,20.0,0.6000000000000001,0.58,0.0,4.8,4.62,0.6000000000000001,0,0.0,0,0.0,2.4,0.0,0,0.0,0.0,0,0.0,0,0.0,0.0,0.0,0.0,3.0,40.0,3.0,40.0,0.0,0.0,0.0,1.2,100.0,2.4,75.0,0.0,1.8,0.0,28.8,2.4,1.8,42.0,70.0,20.4,70.59,3.0,100.0,33.0,76.36,6.0,50.0,19.51,44.39,0.06,0.6000000000000001,0.0,0.0,0.0,0.0,0.0,9.0,60.0,5.4,33.33,0.0,0.0,0.6000000000000001,1.2,15.0,72.0,45.0,12.0,0,,0,,0,0.0,0.0,0.0,,,0.0,,3.0,0.6000000000000001,0.0,0.0,0.6000000000000001,0,0
D. Meloni,Dilin  Meloni,-496663,MIT Engineers,MIT Engineers,https://cdn5.wyscout.com/photos/team/public/g-19618_120x120.png,NCAA D3 Non-conference matches,"RAMF, LDMF",RAMF,84,LDMF,13,,0,,,0,,2,141,1,0.22,0,0.65,28.72,40.0,United States,['United States'],unknown,170,72,False,8.94,8.94,64.29,3.83,16.67,0.0,0.0,0.0,3.19,2.94,1.9100000000000001,0,0.0,0,0.0,4.47,0.64,1,0.64,0.14,0,0.0,6,3.83,16.67,16.667,0.0,2.55,50.0,0.0,0.0,2.55,50.0,0.0,5.11,37.5,12.13,31.58,0.64,0.64,0.64,26.17,1.9100000000000001,2.55,37.02,60.34,14.04,54.55,3.83,83.33,33.19,63.46,1.28,0.0,15.84,30.88,0.42,2.55,1.28,0.0,0.64,100.0,1.9100000000000001,5.11,25.0,6.38,50.0,0.0,0.0,1.28,1.28,5.11,100.0,61.9,13.4,0,,0,,0,0.0,0.0,0.0,,,0.0,,3.83,0.0,0.0,0.0,0.0,0,0
J. Flynn,John  Flynn,-496474,,MIT Engineers,,,"AMF, LDMF",AMF,79,LDMF,20,,0,,,0,,2,138,0,0.08,0,0.39,23.48,38.89,United States,['United States'],unknown,182,65,False,12.39,8.48,76.92,3.26,20.0,0.0,0.0,0.0,5.87,6.0,0.0,0,0.0,0,0.0,0.65,0.0,0,0.0,0.05,0,0.0,1,0.65,0.0,0.0,0.0,1.3,50.0,0.0,0.0,1.3,50.0,0.0,0.65,0.0,6.52,20.0,1.3,0.0,0.0,35.22,1.96,1.96,54.13,81.93,13.04,70.0,11.74,88.89,50.87,83.33,2.61,50.0,15.27,39.53,0.25,2.61,0.0,0.65,0.65,0.0,2.61,7.17,72.73,2.61,50.0,0.65,0.0,1.3,0.65,9.78,73.33,81.82,14.35,0,,0,,0,0.0,0.0,0.0,,,0.0,,3.26,0.0,0.0,0.0,0.0,0,0
N. Mangiafico,Nico  Mangiafico,-496681,MIT Engineers,MIT Engineers,https://cdn5.wyscout.com/photos/team/public/g-19618_120x120.png,NCAA D3 Non-conference matches,"AMF, RAMF, CF",AMF,68,RAMF,16,CF,15,,,0,,2,129,2,0.48,1,0.09,35.58,37.25,United States,['United States'],unknown,170,68,False,11.16,10.47,60.0,2.79,25.0,1.4,1.71,0.0,3.49,4.29,3.49,0,0.0,0,0.0,5.58,1.4,2,1.4,0.33,0,0.0,6,4.19,50.0,33.333,0.7000000000000001,1.4,0.0,0.7000000000000001,0.0,0.7000000000000001,0.0,0.0,6.98,50.0,15.35,31.82,2.79,2.09,0.0,31.4,3.49,0.7000000000000001,43.26,77.42,9.07,53.85,14.65,85.71,38.37,81.82,4.19,50.0,15.68,37.57,0.06,2.09,0.0,0.0,0.0,0.0,0.7000000000000001,4.19,66.67,2.79,50.0,0.0,0.0,0.7000000000000001,0.0,5.58,75.0,80.0,10.47,0,,0,,0,0.0,0.0,0.0,,,0.0,,2.79,0.0,0.0,0.0,0.0,0,0
K. Asfaw,Kaleb Asfaw,-496556,MIT Engineers,MIT Engineers,https://cdn5.wyscout.com/photos/team/public/g-19618_120x120.png,NCAA D3 Non-conference matches,CF,CF,98,,0,,0,,,0,,2,123,0,0.27,2,0.17,34.39,40.43,United States,['United States'],unknown,175,63,False,6.59,6.59,77.78,10.24,42.86,0.73,0.58,0.0,0.73,0.58,0.73,0,0.0,0,0.0,2.93,0.0,0,0.0,0.2,0,0.0,3,2.2,33.33,0.0,1.46,0.0,0.0,0.0,0.0,0.0,0.0,0.0,5.85,37.5,13.9,21.05,2.93,1.46,0.73,16.83,3.66,0.0,24.15,72.73,5.12,28.57,5.85,100.0,22.68,70.97,1.46,100.0,15.52,38.58,0.13,1.46,0.0,0.0,0.0,0.0,1.46,2.2,66.67,0.73,0.0,0.0,0.0,0.73,0.0,2.2,66.67,83.33,8.78,0,,0,,0,0.0,0.0,0.0,,,0.0,,10.24,0.0,0.0,0.0,0.0,0,0
J. Habersaat,Jack  Habersaat,-506153,,Springfield Pride,,,LB,LB,100,,0,,0,,,0,,1,102,0,0.0,0,0.31,9.71,81.82,United States,['United States'],unknown,180,0,False,8.82,6.18,85.71,1.76,100.0,0.0,0.0,0.88,3.5300000000000002,4.29,0.0,0,0.0,0,0.0,0.88,0.0,0,0.0,0.0,0,0.0,1,0.88,0.0,0.0,0.0,0.88,100.0,0.0,0.0,0.88,100.0,0.0,0.0,0.0,1.76,50.0,0.0,1.76,0.0,19.41,0.0,0.88,32.65,62.16,22.94,53.85,0.88,0.0,20.29,78.26,11.47,30.77,20.92,32.71,0.28,1.76,0.0,0.0,0.0,0.0,0.0,8.82,60.0,1.76,50.0,0.88,0.0,0.0,0.88,10.59,75.0,87.5,7.06,0,,0,,0,0.0,0.0,0.0,,,0.0,,1.76,1.76,0.0,0.0,0.88,0,0
T. Moran,Tristan  Moran,-506145,Springfield Pride,Springfield Pride,https://cdn5.wyscout.com/photos/team/public/g-19636_120x120.png,NCCA D3 New England Women's and Men's Athletic Conference,RCB,RCB,100,,0,,0,,,0,,1,102,0,0.28,0,0.12,15.88,55.56,United States,['United States'],unknown,187,0,False,12.35,7.94,66.67,5.29,66.67,0.0,0.0,0.0,7.06,8.57,0.88,0,0.0,0,0.0,0.0,0.0,0,0.0,0.25,0,0.0,1,0.88,0.0,0.0,0.0,0.0,0.0,0.0,0.0,0.0,0.0,0.0,0.0,0.0,1.76,0.0,0.88,0.0,0.0,12.35,0.88,0.0,23.82,51.85,20.29,52.17,0.88,0.0,14.12,62.5,9.71,36.36,25.14,36.73,0.11,0.88,0.0,0.0,0.0,0.0,0.0,6.18,28.57,0.88,0.0,0.88,0.0,0.0,0.0,9.71,45.45,66.67,2.65,0,,0,,0,0.0,0.0,0.0,,,0.0,,5.29,0.88,0.0,0.0,0.0,0,0
B. Trent,Brandon  Trent,-506131,Springfield Pride,Springfield Pride,https://cdn5.wyscout.com/photos/team/public/g-19636_120x120.png,NCCA D3 New England Women's and Men's Athletic Conference,LCB,LCB,100,,0,,0,,,0,,1,102,0,0.30000000000000004,0,0.0,18.53,66.67,United States,['United States'],unknown,187,0,False,7.94,5.29,66.67,9.71,63.64,0.0,0.0,0.88,4.41,5.36,0.0,0,0.0,0,0.0,0.88,0.0,0,0.0,0.27,0,0.0,1,0.88,0.0,0.0,0.0,0.0,0.0,0.0,0.0,0.0,0.0,0.0,0.88,100.0,1.76,50.0,0.88,0.88,0.0,8.82,0.0,0.88,29.12,75.76,15.88,72.22,0.0,0.0,20.29,82.61,8.82,60.0,21.73,30.61,0.0,0.0,0.0,0.0,0.0,0.0,0.0,2.65,33.33,0.88,0.0,0.0,0.0,0.0,0.0,6.18,57.14,92.31,11.47,0,,0,,0,0.0,0.0,0.0,,,0.0,,9.71,0.0,0.0,0.0,0.0,0,0
N. Pote,Noah  Pote,-506128,Springfield Pride,Springfield Pride,https://cdn5.wyscout.com/photos/team/public/g-19636_120x120.png,NCCA D3 New England Women's and Men's Athletic Conference,GK,GK,100,,0,,0,,,0,,1,102,0,0.0,0,0.0,0.0,0.0,United States,['United States'],unknown,185,0,False,2.65,0.0,0.0,0.0,0.0,0.0,0.0,0.0,2.65,3.21,0.0,0,0.0,0,0.0,0.0,0.0,0,0.0,0.0,0,0.0,0,0.0,0.0,0.0,0.0,0.0,0.0,0.0,0.0,0.0,0.0,0.0,0.0,0.0,0.0,0.0,0.0,0.0,0.0,3.5300000000000002,0.0,0.0,11.47,84.62,8.82,80.0,0.0,0.0,4.41,100.0,7.06,75.0,40.87,52.08,0.0,0.0,0.0,0.0,0.0,0.0,0.0,2.65,33.33,0.0,0.0,0.0,0.0,0.0,0.0,5.29,100.0,100.0,2.65,2,1.76,3,2.65,0,33.33,0.58,0.51,-1.42,-1.2530000000000001,0.0,0.0,0.0,,,,0.0,0,0
H. Mayer,Hendrik  Mayer,-496650,,MIT Engineers,,,"LDMF, RDMF",LDMF,66,RDMF,33,,0,,,0,,1,102,0,0.01,0,0.0,18.53,33.33,United States,['United States'],unknown,182,79,False,5.29,4.41,40.0,7.94,33.33,0.0,0.0,0.0,3.5300000000000002,5.0,0.88,0,0.0,0,0.0,1.76,0.0,0,0.0,0.01,0,0.0,1,0.88,0.0,0.0,0.0,0.88,100.0,0.88,100.0,0.0,0.0,0.0,0.88,100.0,1.76,50.0,0.0,0.0,0.0,23.82,0.0,0.88,45.0,84.31,17.65,90.0,4.41,100.0,40.59,86.96,3.5300000000000002,50.0,18.39,38.63,0.0,0.0,0.0,0.0,0.0,0.0,0.0,6.18,71.43,0.88,100.0,0.0,0.0,0.0,0.88,10.59,75.0,85.0,17.65,0,,0,,0,0.0,0.0,0.0,,,0.0,,7.94,0.0,0.0,0.0,0.0,0,0
H. Ardila,Hernando  Ardila,-496579,MIT Engineers,MIT Engineers,https://cdn5.wyscout.com/photos/team/public/g-19618_120x120.png,NCAA D3 Non-conference matches,GK,GK,100,,0,,0,,,0,,1,102,0,0.0,0,0.0,0.0,0.0,United States,['United States'],unknown,187,70,False,2.65,0.0,0.0,0.0,0.0,0.0,0.0,0.0,2.65,3.75,0.0,1,0.88,0,0.0,0.0,0.0,0,0.0,0.0,0,0.0,0,0.0,0.0,0.0,0.0,0.0,0.0,0.0,0.0,0.0,0.0,0.0,0.0,0.0,0.0,0.0,0.0,0.0,0.0,5.29,0.0,0.0,16.76,78.95,11.47,69.23,0.0,0.0,6.18,100.0,10.59,66.67,42.46,51.89,0.0,0.0,0.0,0.0,0.0,0.0,0.0,5.29,66.67,0.0,0.0,0.0,0.0,0.0,0.0,7.94,77.78,100.0,5.29,0,0.0,3,2.65,1,100.0,0.39,0.34,0.39,0.34400000000000003,0.0,0.88,0.0,,,,0.0,0,0
K. McClennen,Kai  McClennen,-496516,MIT Engineers,MIT Engineers,https://cdn5.wyscout.com/photos/team/public/g-19618_120x120.png,NCAA D3 Non-conference matches,LCB,LCB,100,,0,,0,,,0,,1,102,0,0.09,0,0.0,11.47,46.15,United States,['United States'],unknown,190,86,False,8.82,5.29,50.0,5.29,33.33,0.0,0.0,3.5300000000000002,6.18,8.75,0.88,0,0.0,0,0.0,0.0,0.0,0,0.0,0.08,0,0.0,1,0.88,0.0,0.0,0.0,0.0,0.0,0.0,0.0,0.0,0.0,0.0,0.0,0.0,0.0,0.0,0.88,0.0,0.0,7.94,0.0,0.0,23.82,66.67,14.12,56.25,1.76,100.0,16.76,73.68,7.06,50.0,22.71,32.06,0.0,0.0,0.0,0.0,0.0,0.0,0.0,0.88,0.0,0.0,0.0,0.0,0.0,0.0,0.0,3.5300000000000002,25.0,66.67,5.29,0,,0,,0,0.0,0.0,0.0,,,1.76,,5.29,0.0,0.0,0.0,0.0,0,0
L. Puffer,Lukas Hanson Puffer,-496628,,MIT Engineers,,,GK,GK,100,,0,,0,,,0,,1,99,0,0.0,0,0.0,0.0,0.0,United States,['United States'],unknown,193,92,False,3.64,0.0,0.0,0.0,0.0,0.0,0.0,0.0,3.64,4.29,0.0,0,0.0,0,0.0,0.0,0.0,0,0.0,0.0,0,0.0,0,0.0,0.0,0.0,0.0,0.0,0.0,0.0,0.0,0.0,0.0,0.0,0.0,0.0,0.0,0.0,0.0,0.0,0.0,10.91,0.0,0.0,20.91,86.96,6.36,57.14,0.0,0.0,16.36,100.0,4.55,40.0,29.51,47.9,0.0,0.0,0.0,0.0,0.0,0.0,0.0,0.91,100.0,0.0,0.0,0.0,0.0,0.0,0.0,2.73,66.67,100.0,13.64,0,0.0,2,1.82,1,100.0,0.19,0.17,0.19,0.17300000000000001,0.0,1.82,0.0,,,,0.0,0,0
J. Minor,Jack  Minor,-496464,,MIT Engineers,,,LCB,LCB,100,,0,,0,,,0,,1,99,0,0.0,0,0.0,10.91,83.33,United States,['United States'],unknown,187,88,False,11.82,4.55,100.0,2.73,66.67,0.0,0.0,0.0,7.27,8.57,0.91,1,0.91,0,0.0,0.0,0.0,0,0.0,0.0,0,0.0,0,0.0,0.0,0.0,0.0,0.0,0.0,0.0,0.0,0.0,0.0,0.0,0.91,0.0,2.73,66.67,0.0,3.64,0.0,29.09,0.0,1.82,46.36,86.27,12.73,71.43,2.73,100.0,38.18,90.48,8.18,66.67,27.92,51.13,0.0,0.0,0.0,0.0,0.0,0.0,0.0,8.18,55.56,0.0,0.0,0.0,0.0,0.0,0.0,7.27,100.0,90.32,28.18,0,,0,,0,0.0,0.0,0.0,,,2.73,,2.73,1.82,0.0,0.0,0.0,0,0
T. Manley,Tyler Manley,-482766,Clark Cougars,Clark Cougars,https://cdn5.wyscout.com/photos/team/public/g-19635_120x120.png,NCCA D3 New England Women's and Men's Athletic Conference,"RCB3, RCB, CB",RCB3,48,RCB,39,CB,11,,,0,,1,99,0,0.0,0,0.0,21.82,70.83,United States,['United States'],unknown,183,0,False,18.18,10.91,83.33,4.55,60.0,0.0,0.0,1.82,9.09,11.11,0.91,0,0.0,0,0.0,0.0,0.0,0,0.0,0.0,0,0.0,0,0.0,0.0,0.0,0.0,0.0,0.0,0.0,0.0,0.0,0.0,0.0,0.0,0.0,2.73,33.33,0.0,0.0,0.0,24.55,0.0,0.91,46.36,86.27,21.82,79.17,4.55,100.0,41.82,91.3,4.55,40.0,23.37,39.9,0.0,0.0,0.0,0.0,0.0,0.0,0.0,1.82,0.0,0.0,0.0,0.91,0.0,0.0,0.0,9.09,70.0,90.48,19.09,0,,0,,0,0.0,0.0,0.0,,,3.64,,4.55,0.0,0.0,0.0,0.0,0,0
A. DiStefano,Andrew DiStefano,-482756,Clark Cougars,Clark Cougars,https://cdn5.wyscout.com/photos/team/public/g-19635_120x120.png,NCCA D3 New England Women's and Men's Athletic Conference,GK,GK,100,,0,,0,,,0,,1,99,0,0.0,0,0.0,0.91,100.0,United States,['United States'],unknown,178,0,False,3.64,0.0,0.0,0.91,100.0,0.0,0.0,0.0,3.64,4.44,0.0,0,0.0,0,0.0,0.0,0.0,0,0.0,0.0,0,0.0,0,0.0,0.0,0.0,0.0,0.0,0.0,0.0,0.0,0.0,0.0,0.0,0.0,0.0,0.0,0.0,0.0,0.0,0.0,10.0,0.0,0.0,27.27,83.33,16.36,72.22,0.0,0.0,19.09,100.0,8.18,44.44,28.28,43.56,0.0,0.0,0.0,0.0,0.0,0.0,0.0,0.0,0.0,0.0,0.0,0.0,0.0,0.0,0.0,6.36,42.86,100.0,9.09,2,1.82,6,5.45,0,66.67,1.06,0.96,-0.9400000000000001,-0.855,0.0,4.55,0.91,,,,0.0,0,0
M. Suppasuesanguan,Maitoe  Suppasuesanguan,-506143,,Springfield Pride,,,"RW, LW, RAMF",RW,40,LW,30,RAMF,18,,,0,,1,95,0,0.11,0,0.0,30.32,46.88,United States,['United States'],unknown,165,0,False,12.32,7.58,62.5,3.79,25.0,0.0,0.0,0.0,7.58,8.57,2.84,0,0.0,0,0.0,3.79,0.0,0,0.0,0.11,0,0.0,3,2.84,0.0,0.0,0.0,0.0,0.0,0.0,0.0,0.0,0.0,0.0,5.68,66.67,15.16,50.0,0.9500000000000001,4.74,0.9500000000000001,6.63,1.8900000000000001,2.84,32.21,61.76,9.47,70.0,1.8900000000000001,50.0,31.26,63.64,0.9500000000000001,0.0,14.42,34.16,0.0,0.0,0.0,0.0,0.0,0.0,0.0,3.79,75.0,0.0,0.0,0.0,0.0,0.0,0.0,10.42,45.45,60.0,14.21,0,,0,,0,0.0,0.0,0.0,,,0.0,,3.79,0.0,0.0,0.0,0.0,0,0
A. Makatiani,Anyolo Makatiani,-482769,Clark Cougars,Clark Cougars,https://cdn5.wyscout.com/photos/team/public/g-19635_120x120.png,NCCA D3 New England Women's and Men's Athletic Conference,"CB, LCB",CB,55,LCB,44,,0,,,0,,1,87,0,0.0,0,0.0,27.93,74.07,United States,['United States'],unknown,190,0,False,20.69,9.31,88.89,3.1,66.67,0.0,0.0,1.03,12.41,14.4,1.03,0,0.0,0,0.0,5.17,0.0,0,0.0,0.0,0,0.0,0,0.0,0.0,0.0,0.0,0.0,0.0,0.0,0.0,0.0,0.0,0.0,7.24,71.43,11.38,72.73,0.0,0.0,0.0,15.52,0.0,1.03,48.62,78.72,24.83,62.5,3.1,100.0,39.31,78.95,9.31,77.78,22.84,38.86,0.0,0.0,0.0,0.0,0.0,0.0,0.0,2.07,50.0,1.03,0.0,0.0,0.0,0.0,0.0,13.45,38.46,100.0,17.59,0,,0,,0,0.0,0.0,0.0,,,3.1,,3.1,0.0,0.0,0.0,0.0,0,0
A. Hallinan,Aidan  Hallinan,-496498,,MIT Engineers,,,"RB, LAMF, LB",RB,55,LAMF,23,LB,21,,,0,,1,86,0,0.06,0,0.12,24.07,60.87,United States,['United States'],unknown,175,79,False,12.56,10.47,70.0,2.09,100.0,0.0,0.0,0.0,5.23,5.36,1.05,0,0.0,0,0.0,3.14,0.0,0,0.0,0.07,0,0.0,2,2.09,50.0,0.0,0.0,1.05,0.0,0.0,0.0,1.05,0.0,0.0,6.28,33.33,8.37,37.5,0.0,4.19,1.05,21.98,3.14,2.09,28.26,70.37,12.56,58.33,3.14,100.0,24.07,78.26,3.14,33.33,20.27,30.82,0.12,2.09,0.0,0.0,0.0,0.0,0.0,6.28,66.67,0.0,0.0,0.0,0.0,1.05,0.0,8.37,100.0,66.67,6.28,0,,0,,0,0.0,0.0,0.0,,,0.0,,2.09,0.0,0.0,0.0,0.0,0,0
C. Gibson,Carter  Gibson,-506136,Springfield Pride,Springfield Pride,https://cdn5.wyscout.com/photos/team/public/g-19636_120x120.png,NCCA D3 New England Women's and Men's Athletic Conference,LCMF,LCMF,100,,0,,0,,,0,,1,84,0,0.06,0,0.0,23.57,50.0,United States,['United States'],unknown,175,0,False,9.64,7.5,71.43,5.36,40.0,0.0,0.0,0.0,4.29,5.45,1.07,0,0.0,0,0.0,2.14,0.0,0,0.0,0.07,0,0.0,2,2.14,50.0,0.0,0.0,0.0,0.0,0.0,0.0,0.0,0.0,0.0,1.07,100.0,6.43,33.33,0.0,0.0,0.0,9.64,0.0,1.07,20.36,63.16,6.43,66.67,3.21,100.0,18.21,70.59,2.14,0.0,18.25,40.04,0.0,0.0,0.0,0.0,0.0,0.0,0.0,5.36,60.0,1.07,0.0,0.0,0.0,0.0,0.0,3.21,0.0,57.14,7.5,0,,0,,0,0.0,0.0,0.0,,,1.07,,5.36,0.0,0.0,0.0,0.0,0,0
M. Mela,Matthew  Mela,-506139,Springfield Pride,Springfield Pride,https://cdn5.wyscout.com/photos/team/public/g-19636_120x120.png,NCCA D3 New England Women's and Men's Athletic Conference,"RCMF, LDMF",RCMF,78,LDMF,21,,0,,,0,,1,82,0,0.0,0,0.0,18.66,64.71,United States,['United States'],unknown,182,0,False,15.37,9.88,77.78,1.1,100.0,0.0,0.0,0.0,7.68,7.5,1.1,0,0.0,0,0.0,2.2,0.0,0,0.0,0.0,0,0.0,0,0.0,0.0,0.0,0.0,0.0,0.0,0.0,0.0,0.0,0.0,0.0,3.29,66.67,6.59,33.33,0.0,0.0,0.0,13.17,0.0,1.1,26.34,58.33,10.98,40.0,5.49,80.0,24.15,63.64,2.2,0.0,15.44,40.82,0.0,0.0,0.0,0.0,0.0,0.0,0.0,2.2,0.0,0.0,0.0,0.0,0.0,0.0,0.0,6.59,16.67,75.0,4.39,0,,0,,0,0.0,0.0,0.0,,,0.0,,1.1,0.0,0.0,0.0,0.0,0,0
L. Echeumuna,Luca Echeumuna,-482792,Clark Cougars,Clark Cougars,https://cdn5.wyscout.com/photos/team/public/g-19635_120x120.png,NCCA D3 New England Women's and Men's Athletic Conference,"LCB3, LB",LCB3,76,LB,23,,0,,,0,,1,78,0,0.0,0,0.0,18.46,62.5,United States,['United States'],unknown,0,0,False,15.0,5.77,100.0,1.15,100.0,1.15,1.11,1.15,8.08,7.78,0.0,0,0.0,0,0.0,2.31,0.0,0,0.0,0.0,0,0.0,0,0.0,0.0,0.0,0.0,0.0,0.0,0.0,0.0,0.0,0.0,0.0,5.77,40.0,5.77,40.0,0.0,1.15,0.0,23.08,0.0,0.0,39.23,70.59,13.85,58.33,4.62,75.0,38.08,72.73,1.15,0.0,18.54,26.71,0.0,0.0,0.0,0.0,1.15,0.0,0.0,1.15,100.0,0.0,0.0,0.0,0.0,0.0,0.0,8.08,14.29,80.0,17.31,0,,0,,0,0.0,0.0,0.0,,,1.15,,1.15,2.31,0.0,0.0,0.0,0,0
C. Sampson,Cole  Sampson,-506158,Springfield Pride,Springfield Pride,https://cdn5.wyscout.com/photos/team/public/g-19636_120x120.png,NCCA D3 New England Women's and Men's Athletic Conference,CF,CF,100,,0,,0,,,0,,1,74,0,0.16,0,0.0,47.43,38.46,United States,['United States'],unknown,187,0,False,8.51,6.08,100.0,15.81,46.15,0.0,0.0,0.0,2.43,2.14,1.22,0,0.0,0,0.0,3.65,0.0,0,0.0,0.2,0,0.0,3,3.65,33.33,0.0,0.0,0.0,0.0,0.0,0.0,0.0,0.0,0.0,3.65,66.67,19.46,18.75,1.22,4.86,3.65,12.16,3.65,0.0,18.24,66.67,1.22,0.0,3.65,100.0,18.24,66.67,0.0,0.0,14.22,0.0,0.0,0.0,0.0,0.0,0.0,0.0,0.0,0.0,0.0,2.43,50.0,0.0,0.0,1.22,0.0,1.22,0.0,62.5,9.73,0,,0,,0,0.0,0.0,0.0,,,0.0,,15.81,0.0,0.0,0.0,0.0,0,0
H. Kuerbis,Henry Kuerbis,-482757,Clark Cougars,Clark Cougars,https://cdn5.wyscout.com/photos/team/public/g-19635_120x120.png,NCCA D3 New England Women's and Men's Athletic Conference,"RWB, DMF, RCB3",RWB,41,DMF,24,RCB3,16,,,0,,1,73,0,0.0,0,0.14,23.42,68.42,United States,['United States'],unknown,175,0,False,12.33,14.79,83.33,2.47,0.0,0.0,0.0,0.0,0.0,0.0,1.23,1,1.23,0,0.0,1.23,0.0,0,0.0,0.0,0,0.0,0,0.0,0.0,0.0,0.0,0.0,0.0,0.0,0.0,0.0,0.0,0.0,2.47,50.0,3.7,66.67,0.0,0.0,0.0,24.66,1.23,0.0,30.82,68.0,13.56,54.55,2.47,100.0,29.59,66.67,1.23,100.0,18.35,22.14,0.18,2.47,0.0,0.0,1.23,0.0,0.0,7.4,50.0,0.0,0.0,1.23,0.0,0.0,0.0,6.16,80.0,100.0,8.63,0,,0,,0,0.0,0.0,0.0,,,0.0,,2.47,2.47,0.0,0.0,0.0,0,0
D. Mortensen,Dillon  Mortensen,-506149,Springfield Pride,Springfield Pride,https://cdn5.wyscout.com/photos/team/public/g-19636_120x120.png,NCCA D3 New England Women's and Men's Athletic Conference,RB,RB,100,,0,,0,,,0,,1,72,0,0.0,0,0.03,20.0,81.25,United States,['United States'],unknown,182,0,False,16.25,12.5,80.0,3.75,100.0,0.0,0.0,0.0,6.25,5.36,0.0,0,0.0,0,0.0,2.5,0.0,0,0.0,0.0,0,0.0,0,0.0,0.0,0.0,0.0,2.5,50.0,0.0,0.0,2.5,50.0,0.0,2.5,50.0,3.75,66.67,0.0,1.25,0.0,18.75,0.0,1.25,33.75,55.56,20.0,43.75,3.75,66.67,26.25,61.9,5.0,25.0,19.22,29.55,0.04,1.25,0.0,0.0,0.0,0.0,0.0,8.75,28.57,3.75,33.33,0.0,0.0,0.0,1.25,11.25,55.56,71.43,8.75,0,,0,,0,0.0,0.0,0.0,,,1.25,,3.75,0.0,0.0,0.0,0.0,0,0
L. Sheldon,Luke Sheldon,-482781,Clark Cougars,Clark Cougars,https://cdn5.wyscout.com/photos/team/public/g-19635_120x120.png,NCCA D3 New England Women's and Men's Athletic Conference,"CF, RW",CF,72,RW,26,,0,,,0,,1,69,0,0.0,0,0.0,16.96,23.08,United States,['United States'],unknown,172,0,False,2.61,3.91,33.33,6.52,20.0,0.0,0.0,0.0,1.3,1.58,5.22,0,0.0,0,0.0,0.0,0.0,0,0.0,0.0,0,0.0,0,0.0,0.0,0.0,0.0,0.0,0.0,0.0,0.0,0.0,0.0,0.0,0.0,0.0,5.22,25.0,1.3,0.0,0.0,22.17,3.91,1.3,35.22,62.96,5.22,50.0,9.13,85.71,32.61,64.0,2.61,50.0,21.6,49.3,0.0,0.0,0.0,0.0,0.0,0.0,0.0,3.91,33.33,1.3,0.0,0.0,0.0,0.0,0.0,2.61,50.0,53.85,16.96,0,,0,,0,0.0,0.0,0.0,,,0.0,,6.52,0.0,0.0,0.0,0.0,0,0
M. Kim,Marc Kim,-482795,Clark Cougars,Clark Cougars,https://cdn5.wyscout.com/photos/team/public/g-19635_120x120.png,NCCA D3 New England Women's and Men's Athletic Conference,"RCMF3, RCMF, AMF",RCMF3,39,RCMF,26,AMF,17,,,0,,1,67,0,0.0,0,0.04,24.18,38.89,United States,['United States'],unknown,0,0,False,5.37,8.06,66.67,2.69,0.0,0.0,0.0,0.0,0.0,0.0,1.34,0,0.0,0,0.0,2.69,0.0,0,0.0,0.0,0,0.0,0,0.0,0.0,0.0,0.0,1.34,0.0,0.0,0.0,1.34,0.0,0.0,5.37,50.0,6.72,40.0,1.34,0.0,1.34,18.81,1.34,0.0,40.3,83.33,21.49,87.5,5.37,100.0,34.93,84.62,4.03,100.0,18.04,37.95,0.05,1.34,0.0,0.0,1.34,0.0,1.34,8.06,83.33,0.0,0.0,1.34,0.0,0.0,0.0,8.06,100.0,83.33,8.06,0,,0,,0,0.0,0.0,0.0,,,0.0,,2.69,0.0,0.0,0.0,0.0,0,0
R. Berecz,Ryan  Berecz,-506157,Springfield Pride,Springfield Pride,https://cdn5.wyscout.com/photos/team/public/g-19636_120x120.png,NCCA D3 New England Women's and Men's Athletic Conference,"LW, LAMF",LW,77,LAMF,22,,0,,,0,,1,65,0,0.31,0,0.0,30.46,45.45,United States,['United States'],unknown,182,0,False,9.69,2.77,100.0,11.08,50.0,0.0,0.0,0.0,6.92,5.36,1.38,0,0.0,0,0.0,5.54,0.0,0,0.0,0.43,0,0.0,1,1.38,100.0,0.0,0.0,1.38,0.0,1.38,0.0,0.0,0.0,0.0,9.69,42.86,12.46,33.33,1.38,0.0,0.0,9.69,1.38,2.77,23.54,70.59,9.69,42.86,8.31,100.0,20.77,80.0,1.38,0.0,15.74,23.51,0.0,1.38,0.0,0.0,0.0,0.0,0.0,6.92,60.0,2.77,0.0,0.0,0.0,0.0,0.0,4.15,66.67,75.0,5.54,0,,0,,0,0.0,0.0,0.0,,,1.38,,11.08,0.0,0.0,0.0,0.0,0,0
C. Ruiz,Colin Ruiz,-482772,Clark Cougars,Clark Cougars,https://cdn5.wyscout.com/photos/team/public/g-19635_120x120.png,NCCA D3 New England Women's and Men's Athletic Conference,"LCMF3, AMF, LCMF",LCMF3,40,AMF,30,LCMF,28,,,0,,1,64,0,0.06,0,0.0,29.53,47.62,United States,['United States'],unknown,178,0,False,15.47,9.84,71.43,0.0,0.0,4.22,3.6,0.0,4.22,3.6,0.0,0,0.0,0,0.0,2.81,0.0,0,0.0,0.09,0,0.0,1,1.4100000000000001,100.0,0.0,0.0,1.4100000000000001,0.0,0.0,0.0,1.4100000000000001,0.0,0.0,5.63,25.0,11.25,25.0,1.4100000000000001,1.4100000000000001,0.0,25.31,2.81,2.81,33.75,75.0,12.66,66.67,7.03,80.0,32.34,78.26,0.0,0.0,17.74,0.0,0.0,0.0,0.0,0.0,0.0,0.0,0.0,8.44,66.67,0.0,0.0,0.0,0.0,0.0,0.0,8.44,66.67,88.89,12.66,0,,0,,0,0.0,0.0,0.0,,,1.4100000000000001,,0.0,0.0,0.0,0.0,0.0,0,0
L. Saia,Lucas Saia,-482779,Clark Cougars,Clark Cougars,https://cdn5.wyscout.com/photos/team/public/g-19635_120x120.png,NCCA D3 New England Women's and Men's Athletic Conference,"CF, LAMF, LWB",CF,48,LAMF,33,LWB,18,,,0,,1,63,0,0.0,0,0.0,28.57,45.0,United States,['United States'],unknown,175,0,False,4.29,2.86,100.0,4.29,33.33,0.0,0.0,0.0,1.43,1.11,0.0,0,0.0,0,0.0,2.86,0.0,0,0.0,0.0,0,0.0,0,0.0,0.0,0.0,0.0,2.86,0.0,0.0,0.0,2.86,0.0,0.0,7.14,40.0,18.57,38.46,1.43,0.0,0.0,14.29,4.29,4.29,24.29,70.59,2.86,50.0,7.14,80.0,21.43,80.0,0.0,0.0,14.66,0.0,0.0,0.0,0.0,0.0,0.0,0.0,0.0,4.29,66.67,0.0,0.0,0.0,0.0,0.0,0.0,2.86,50.0,80.0,7.14,0,,0,,0,0.0,0.0,0.0,,,0.0,,4.29,0.0,0.0,0.0,0.0,0,0
N. Perez,Nicolas Stone Perez,-496479,MIT Engineers,MIT Engineers,https://cdn5.wyscout.com/photos/team/public/g-19618_120x120.png,NCAA D3 Non-conference matches,RB,RB,100,,0,,0,,,0,,2,61,0,0.0,0,0.0,8.85,33.33,United States,['United States'],unknown,187,81,False,10.33,4.43,33.33,1.48,100.0,0.0,0.0,0.0,8.85,13.85,1.48,0,0.0,0,0.0,0.0,0.0,0,0.0,0.0,0,0.0,0,0.0,0.0,0.0,0.0,1.48,0.0,0.0,0.0,1.48,0.0,0.0,0.0,0.0,1.48,0.0,0.0,0.0,0.0,17.7,0.0,0.0,38.36,65.38,19.18,69.23,0.0,0.0,25.08,82.35,11.8,37.5,21.22,14.91,0.0,0.0,0.0,0.0,0.0,0.0,0.0,7.38,60.0,1.48,0.0,0.0,0.0,0.0,0.0,13.28,66.67,62.5,11.8,0,,0,,0,0.0,0.0,0.0,,,0.0,,1.48,0.0,0.0,0.0,0.0,0,0
E. Thompson,Evan Thompson,-482805,Clark Cougars,Clark Cougars,https://cdn5.wyscout.com/photos/team/public/g-19635_120x120.png,NCCA D3 New England Women's and Men's Athletic Conference,"LWB, LB, LW",LWB,37,LB,32,LW,29,,,0,,1,61,0,0.0,0,0.0,23.61,68.75,United States,['United States'],unknown,0,0,False,13.28,7.38,60.0,4.43,100.0,0.0,0.0,0.0,8.85,7.2,1.48,0,0.0,0,0.0,2.95,0.0,0,0.0,0.0,0,0.0,0,0.0,0.0,0.0,0.0,0.0,0.0,0.0,0.0,0.0,0.0,0.0,2.95,100.0,7.38,40.0,0.0,4.43,2.95,17.7,0.0,0.0,44.26,56.67,23.61,50.0,4.43,100.0,36.89,64.0,7.38,20.0,21.06,28.4,0.0,0.0,0.0,0.0,0.0,0.0,0.0,7.38,40.0,1.48,0.0,0.0,0.0,0.0,0.0,16.23,63.64,42.86,10.33,0,,0,,0,0.0,0.0,0.0,,,0.0,,4.43,1.48,0.0,0.0,2.95,0,0
C. Cruz,Chris  Cruz,-506144,,Springfield Pride,,,"CF, AMF",CF,86,AMF,13,,0,,,0,,1,60,0,0.08,0,0.28,30.0,40.0,United States,['United States'],unknown,167,0,False,7.5,7.5,60.0,3.0,0.0,0.0,0.0,0.0,3.0,2.4,1.5,0,0.0,0,0.0,3.0,0.0,0,0.0,0.12,0,0.0,3,4.5,0.0,0.0,0.0,1.5,0.0,0.0,0.0,1.5,0.0,0.0,4.5,66.67,18.0,41.67,1.5,1.5,0.0,9.0,1.5,1.5,21.0,64.29,6.0,75.0,4.5,66.67,18.0,66.67,1.5,100.0,17.59,29.09,0.42,1.5,0.0,0.0,0.0,0.0,0.0,1.5,100.0,3.0,0.0,0.0,0.0,0.0,1.5,4.5,33.33,50.0,9.0,0,,0,,0,0.0,0.0,0.0,,,0.0,,3.0,1.5,1.5,0.0,1.5,0,0
C. Policarpio,Connor  Policarpio,-506156,Springfield Pride,Springfield Pride,https://cdn5.wyscout.com/photos/team/public/g-19636_120x120.png,NCCA D3 New England Women's and Men's Athletic Conference,"RW, CF, AMF",RW,54,CF,28,AMF,17,,,0,,1,55,0,0.0,0,0.0,32.73,50.0,United States,['United States'],unknown,172,0,False,8.18,4.91,66.67,9.82,83.33,0.0,0.0,0.0,4.91,4.5,1.6400000000000001,0,0.0,0,0.0,0.0,0.0,0,0.0,0.01,0,0.0,1,1.6400000000000001,0.0,0.0,0.0,0.0,0.0,0.0,0.0,0.0,0.0,0.0,0.0,0.0,9.82,50.0,0.0,3.27,1.6400000000000001,16.36,3.27,1.6400000000000001,34.36,52.38,11.45,57.14,4.91,100.0,29.45,55.56,4.91,33.33,15.14,31.04,0.0,0.0,0.0,0.0,0.0,0.0,0.0,4.91,0.0,0.0,0.0,0.0,0.0,0.0,0.0,3.27,50.0,25.0,6.55,0,,0,,0,0.0,0.0,0.0,,,0.0,,9.82,0.0,0.0,0.0,0.0,0,0
M. Nelson-Atkins,Myles Nelson-Atkins,-482801,Clark Cougars,Clark Cougars,https://cdn5.wyscout.com/photos/team/public/g-19635_120x120.png,NCCA D3 New England Women's and Men's Athletic Conference,"RB, RWB",RB,67,RWB,32,,0,,,0,,1,55,0,0.0,0,0.0,39.27,45.83,United States,['United States'],unknown,0,0,False,13.09,13.09,75.0,6.55,25.0,1.6400000000000001,1.88,0.0,1.6400000000000001,1.88,0.0,0,0.0,0,0.0,4.91,0.0,0,0.0,0.0,0,0.0,0,0.0,0.0,0.0,0.0,1.6400000000000001,0.0,0.0,0.0,1.6400000000000001,0.0,0.0,8.18,60.0,11.45,42.86,0.0,0.0,1.6400000000000001,19.64,0.0,0.0,40.91,60.0,18.0,72.73,9.82,66.67,37.64,60.87,1.6400000000000001,100.0,15.95,33.12,0.0,0.0,0.0,0.0,1.6400000000000001,0.0,0.0,1.6400000000000001,100.0,3.27,50.0,1.6400000000000001,0.0,1.6400000000000001,0.0,18.0,45.45,75.0,6.55,0,,0,,0,0.0,0.0,0.0,,,0.0,,6.55,0.0,0.0,0.0,0.0,0,0
W. Lopez,William Lopez,-482778,Clark Cougars,Clark Cougars,https://cdn5.wyscout.com/photos/team/public/g-19635_120x120.png,NCCA D3 New England Women's and Men's Athletic Conference,"LCMF3, RAMF, RWB",LCMF3,39,RAMF,38,RWB,21,,,0,,1,54,0,0.05,0,0.0,51.67,38.71,United States,['United States'],unknown,172,0,False,16.67,11.67,57.14,1.67,0.0,3.33,2.86,0.0,6.67,5.71,5.0,1,1.67,0,0.0,6.67,0.0,0,0.0,0.08,0,0.0,3,5.0,0.0,0.0,0.0,0.0,0.0,0.0,0.0,0.0,0.0,0.0,15.0,44.44,31.67,31.58,0.0,3.33,1.67,18.33,3.33,3.33,21.67,53.85,11.67,42.86,0.0,0.0,16.67,60.0,5.0,33.33,21.67,42.38,0.0,0.0,0.0,0.0,0.0,0.0,0.0,8.33,60.0,0.0,0.0,0.0,0.0,0.0,0.0,6.67,75.0,100.0,3.33,0,,0,,0,0.0,0.0,0.0,,,0.0,,1.67,1.67,1.67,0.0,0.0,0,0
E. Furphy,Ethan Furphy,-533114,Clark Cougars,Clark Cougars,https://cdn5.wyscout.com/photos/team/public/g-19635_120x120.png,NCCA D3 New England Women's and Men's Athletic Conference,"DMF, RCMF, LDMF",DMF,57,RCMF,22,LDMF,17,,,0,,1,52,0,0.14,0,0.0,24.23,57.14,United States,['United States'],,155,0,False,10.38,5.19,100.0,10.38,66.67,0.0,0.0,0.0,5.19,3.33,0.0,0,0.0,0,0.0,1.73,0.0,0,0.0,0.24,0,0.0,1,1.73,100.0,0.0,0.0,0.0,0.0,0.0,0.0,0.0,0.0,0.0,0.0,0.0,3.46,0.0,1.73,0.0,0.0,17.31,0.0,0.0,43.27,80.0,12.12,42.86,1.73,100.0,32.88,89.47,10.38,50.0,20.32,23.4,0.0,0.0,0.0,0.0,0.0,0.0,0.0,1.73,0.0,0.0,0.0,0.0,0.0,0.0,0.0,3.46,50.0,93.33,25.96,0,,0,,0,0.0,0.0,0.0,,,0.0,,10.38,0.0,0.0,0.0,0.0,0,0
B. Siegel,Ben Siegel,-482784,Clark Cougars,Clark Cougars,https://cdn5.wyscout.com/photos/team/public/g-19635_120x120.png,NCCA D3 New England Women's and Men's Athletic Conference,CF,CF,100,,0,,0,,,0,,1,49,0,0.04,0,0.0,31.22,41.18,United States,['United States'],unknown,175,0,False,5.51,5.51,66.67,1.8399999999999999,0.0,0.0,0.0,0.0,1.8399999999999999,1.58,0.0,0,0.0,0,0.0,5.51,0.0,0,0.0,0.07,0,0.0,1,1.8399999999999999,0.0,0.0,0.0,1.8399999999999999,0.0,1.8399999999999999,0.0,0.0,0.0,0.0,7.35,50.0,16.53,22.22,0.0,1.8399999999999999,0.0,12.86,0.0,0.0,20.2,72.73,3.67,50.0,9.18,80.0,16.53,77.78,1.8399999999999999,100.0,26.03,51.45,0.0,0.0,0.0,0.0,1.8399999999999999,100.0,0.0,1.8399999999999999,100.0,3.67,50.0,0.0,0.0,1.8399999999999999,0.0,1.8399999999999999,100.0,75.0,7.35,0,,0,,0,0.0,0.0,0.0,,,0.0,,1.8399999999999999,0.0,0.0,0.0,0.0,0,0
A. Hallinan,Aidan  Hallinan,-506148,Springfield Pride,Springfield Pride,https://cdn5.wyscout.com/photos/team/public/g-19636_120x120.png,NCCA D3 New England Women's and Men's Athletic Conference,"RB, RDMF",RB,62,RDMF,37,,0,,,0,,1,47,0,0.0,0,0.0,24.89,76.92,United States,['United States'],unknown,182,0,False,17.23,9.57,100.0,9.57,80.0,1.9100000000000001,1.5,0.0,5.74,4.5,0.0,0,0.0,0,0.0,0.0,0.0,0,0.0,0.0,0,0.0,0,0.0,0.0,0.0,0.0,0.0,0.0,0.0,0.0,0.0,0.0,0.0,0.0,0.0,1.9100000000000001,0.0,0.0,0.0,0.0,19.15,0.0,0.0,36.38,73.68,15.32,62.5,7.66,75.0,30.64,81.25,5.74,33.33,14.41,19.51,0.0,0.0,0.0,0.0,0.0,0.0,0.0,5.74,33.33,0.0,0.0,0.0,0.0,0.0,0.0,5.74,66.67,75.0,7.66,0,,0,,0,0.0,0.0,0.0,,,0.0,,9.57,0.0,0.0,0.0,0.0,0,0
Y. Prabhu,Yash  Prabhu,-496685,MIT Engineers,MIT Engineers,https://cdn5.wyscout.com/photos/team/public/g-19618_120x120.png,NCAA D3 Non-conference matches,"LAMF, RAMF",LAMF,85,RAMF,14,,0,,,0,,2,47,0,0.38,0,0.0,26.81,35.71,United States,['United States'],unknown,177,68,False,13.4,9.57,60.0,3.83,50.0,0.0,0.0,0.0,7.66,7.5,1.9100000000000001,0,0.0,0,0.0,0.0,0.0,0,0.0,0.74,0,0.0,1,1.9100000000000001,0.0,0.0,0.0,0.0,0.0,0.0,0.0,0.0,0.0,0.0,1.9100000000000001,0.0,7.66,0.0,1.9100000000000001,0.0,0.0,11.49,0.0,0.0,15.32,75.0,3.83,50.0,0.0,0.0,15.32,75.0,0.0,0.0,12.58,0.0,0.0,0.0,0.0,0.0,0.0,0.0,0.0,1.9100000000000001,0.0,0.0,0.0,0.0,0.0,0.0,0.0,0.0,0.0,75.0,7.66,0,,0,,0,0.0,0.0,0.0,,,0.0,,3.83,0.0,0.0,0.0,0.0,0,0
P. Thornton,Parker  Thornton,-506141,Springfield Pride,Springfield Pride,https://cdn5.wyscout.com/photos/team/public/g-19636_120x120.png,NCCA D3 New England Women's and Men's Athletic Conference,CF,CF,100,,0,,0,,,0,,1,35,0,0.0,0,0.0,,,United States,['United States'],unknown,180,0,False,,,,,,,0.0,,,0.0,,0,,0,,,,0,,,0,,1,,,0.0,,,,,,,,,,,,,,,,,,,,,,,,,,,,,11.11,0.0,,,,,,,,,,,,,,,,,,,,0,,0,,0,0.0,0.0,,,,,,,,,,,0,0
C. Lopez,Charles Lopez,-482798,Clark Cougars,Clark Cougars,https://cdn5.wyscout.com/photos/team/public/g-19635_120x120.png,NCCA D3 New England Women's and Men's Athletic Conference,CF,CF,100,,0,,0,,,0,,1,30,0,0.0,0,0.0,,,United States,['United States'],unknown,0,0,False,,,,,,,0.0,,,0.0,,0,,0,,,,0,,,0,,0,,,0.0,,,,,,,,,,,,,,,,,,,,,,,,,,,,,16.26,32.03,,,,,,,,,,,,,,,,,,,,0,,0,,0,0.0,0.0,,,,,,,,,,,0,0
B. Menken,Billy  Menken,-496482,,MIT Engineers,,,CF,CF,100,,0,,0,,,0,,1,26,0,0.04,0,0.0,,,United States,['United States'],unknown,182,77,False,,,,,,,0.0,,,0.0,,0,,0,,,,0,,,0,,1,,,0.0,,,,,,,,,,,,,,,,,,,,,,,,,,,,,24.79,0.0,,,,,,,,,,,,,,,,,,,,0,,0,,0,0.0,0.0,,,,,,,,,,,0,0
N. Carrillo,Nico Carrillo,-482762,Roberts Wesleyan Redhawks,Clark Cougars,https://cdn5.wyscout.com/photos/team/public/g-18313_120x120.png,NCAA D3 New England Small Collegiate Athletic Conference,LWB,LWB,100,,0,,0,,,0,,1,25,0,0.0,0,0.0,,,United States,['United States'],unknown,183,70,False,,,,,,,5.0,,,0.0,,0,,0,,,,0,,,0,,0,,,0.0,,,,,,,,,,,,,,,,,,,,,,,,,,,,,31.32,0.0,,,,,,,,,,,,,,,,,,,,0,,0,,0,0.0,0.0,,,,,,,,,,,0,0
S. Correia,Sebastian  Correia,-506138,,Springfield Pride,,,"RW, LW, LAMF",RW,68,LW,18,LAMF,12,,,0,,1,23,0,0.0,0,0.0,,,United States,['United States'],unknown,170,0,False,,,,,,,0.0,,,4.62,,0,,0,,,,0,,,0,,0,,,0.0,,,,,,,,,,,,,,,,,,,,,,,,,,,,,12.38,0.0,,,,,,,,,,,,,,,,,,,,0,,0,,0,0.0,0.0,,,,,,,,,,,0,0
M. Sequeira,Matthew  Sequeira,-496702,,MIT Engineers,,,"RAMF, LAMF",RAMF,82,LAMF,17,,0,,,0,,1,22,0,0.0,0,0.0,,,United States,['United States'],unknown,170,68,False,,,,,,,0.0,,,6.0,,0,,0,,,,0,,,0,,0,,,0.0,,,,,,,,,,,,,,,,,,,,,,,,,,,,,12.92,0.0,,,,,,,,,,,,,,,,,,,,0,,0,,0,0.0,0.0,,,,,,,,,,,0,0
C. Benoff,Carter Benoff,-482788,Clark Cougars,Clark Cougars,https://cdn5.wyscout.com/photos/team/public/g-19635_120x120.png,NCCA D3 New England Women's and Men's Athletic Conference,"LCMF, RDMF",LCMF,53,RDMF,42,,0,,,0,,1,22,0,0.0,0,0.0,,,United States,['United States'],unknown,0,0,False,,,,,,,0.0,,,0.0,,0,,0,,,,0,,,0,,0,,,0.0,,,,,,,,,,,,,,,,,,,,,,,,,,,,,28.61,52.43,,,,,,,,,,,,,,,,,,,,0,,0,,0,0.0,0.0,,,,,,,,,,,0,0
M. Colon,Mauro Perez Colon,-482774,Clark Cougars,Clark Cougars,https://cdn5.wyscout.com/photos/team/public/g-19635_120x120.png,NCCA D3 New England Women's and Men's Athletic Conference,RCMF3,RCMF3,100,,0,,0,,,0,,1,21,0,0.0,0,0.0,,,United States,['United States'],unknown,172,0,False,,,,,,,0.0,,,0.0,,1,,0,,,,0,,,0,,0,,,0.0,,,,,,,,,,,,,,,,,,,,,,,,,,,,,20.33,34.9,,,,,,,,,,,,,,,,,,,,0,,0,,0,0.0,0.0,,,,,,,,,,,0,0
C. Ng,Cyrus  Ng,-506137,Springfield Pride,Springfield Pride,https://cdn5.wyscout.com/photos/team/public/g-19636_120x120.png,NCCA D3 New England Women's and Men's Athletic Conference,RCMF,RCMF,100,,0,,0,,,0,,1,19,0,0.06,0,0.0,,,United States,['United States'],unknown,172,0,False,,,,,,,0.0,,,10.0,,0,,0,,,,0,,,0,,1,,,0.0,,,,,,,,,,,,,,,,,,,,,,,,,,,,,20.53,23.86,,,,,,,,,,,,,,,,,,,,0,,0,,0,0.0,0.0,,,,,,,,,,,0,0
J. Lopez,Juan Betancor Lopez,-482790,Clark Cougars,Clark Cougars,https://cdn5.wyscout.com/photos/team/public/g-19635_120x120.png,NCCA D3 New England Women's and Men's Athletic Conference,DMF,DMF,100,,0,,0,,,0,,1,18,0,0.0,0,0.0,,,United States,['United States'],unknown,0,0,False,,,,,,,0.0,,,15.0,,0,,0,,,,0,,,0,,0,,,0.0,,,,,,,,,,,,,,,,,,,,,,,,,,,,,22.05,37.26,,,,,,,,,,,,,,,,,,,,0,,0,,0,0.0,0.0,,,,,,,,,,,0,0
R Wang,Raymond  Wang,-496699,MIT Engineers,MIT Engineers,https://cdn5.wyscout.com/photos/team/public/g-19618_120x120.png,NCAA D3 Non-conference matches,LAMF,LAMF,100,,0,,0,,,0,,1,17,0,0.0,0,0.0,,,United States,['United States'],unknown,180,65,False,,,,,,,0.0,,,0.0,,0,,0,,,,0,,,0,,0,,,0.0,,,,,,,,,,,,,,,,,,,,,,,,,,,,,25.7,25.7,,,,,,,,,,,,,,,,,,,,0,,0,,0,0.0,0.0,,,,,,,,,,,0,0
Z. Zhang,Zachary  Zhang,-496592,,MIT Engineers,,,CF,CF,100,,0,,0,,,0,,2,15,0,0.07,0,0.0,,,United States,['United States'],unknown,177,79,False,,,,,,,0.0,,,0.0,,0,,0,,,,0,,,0,,1,,,0.0,,,,,,,,,,,,,,,,,,,,,,,,,,,,,15.83,0.0,,,,,,,,,,,,,,,,,,,,0,,0,,0,0.0,0.0,,,,,,,,,,,0,0
